{"current_class": {"x": 0.618359375, "y": 0.3972222222222222}, "profile": {"x": 0.70234375, "y": 0.4201388888888889}, "stormblade": {"x": 0.06875, "y": 0.2590277777777778}, "switch_class": {"x": 0.913671875, "y": 0.8777777777777778}, "confirm_class_switch": {"x": 0.623046875, "y": 0.7361111111111112}, "marksman": {"x": 0.062890625, "y": 0.25833333333333336}, "equip_weapon": {"x": 0.606640625, "y": 0.9395833333333333}}